name_last,name_first,key_mlbam,key_retro,key_bbref,key_fangraphs,mlb_played_first,mlb_played_last
díaz,edwin,621242,diaze006,diazed04,14710,2016.0,2025.0
chavez,jesse,445926,chavj001,chaveje01,5448,2008.0,2025.0
turnbull,spencer,605513,turns003,turnbsp01,16207,2018.0,2024.0
tyler,kyle,667725,tylek001,tylerky01,22092,2021.0,2024.0
wisdom,patrick,621550,wisdp001,wisdopa01,13602,2018.0,2024.0
crochet,garrett,676979,crocg001,crochga01,27463,2020.0,2025.0
estrada,jeremiah,669093,estrj002,estraje01,22210,2022.0,2025.0
waldron,matt,663362,waldm003,waldrma01,25550,2023.0,2024.0
holmes,clay,605280,holmc001,holmecl01,13649,2018.0,2025.0
burke,brock,656271,burkb001,burkebr01,17968,2019.0,2025.0
santos,gregory,666619,santg001,santogr01,21894,2021.0,2025.0
dodd,dylan,689266,doddd001,dodddy01,29928,2023.0,2024.0
gomber,austin,596295,gomba001,gombeau01,16561,2018.0,2024.0
gilbert,logan,669302,gilbl002,gilbelo01,22250,2021.0,2025.0
nelson,ryne,669194,nelsr003,nelsory01,26253,2022.0,2025.0
woodford,jake,663765,woodj003,woodfja01,18674,2020.0,2024.0
erceg,lucas,668674,ercel001,erceglu01,19360,2023.0,2025.0
molina,anthony,683627,molia001,molinan01,26952,2024.0,2024.0
martínez,nick,607259,martn002,martini01,12730,2014.0,2025.0
jackson,jay,543351,jackj001,jacksja01,7432,2015.0,2024.0
festa,matt,670036,festm001,festama01,19330,2018.0,2024.0
lópez,reynaldo,625643,loper003,lopezre01,16400,2016.0,2025.0
gonzález,victor,624647,gonzv001,gonzavi02,16408,2020.0,2024.0
matsui,yuki,673513,matsy001,matsuyu01,33826,2024.0,2025.0
sánchez,cristopher,650911,sancc002,sanchcr01,20778,2021.0,2025.0
pearson,nate,663878,pearn001,pearsna01,20160,2020.0,2025.0
megill,trevor,656730,megit001,megiltr01,17722,2021.0,2025.0
vesia,alex,681911,vesia001,vesiaal01,25007,2020.0,2025.0
ellard,fraser,686642,ellaf001,ellarfr01,-1,2024.0,2025.0
canning,griffin,656288,canng001,cannigr01,19867,2019.0,2025.0
poche,colin,621363,pochc001,pocheco01,19403,2019.0,2025.0
romero,jojo,668941,romej002,romerjo01,19574,2020.0,2025.0
nance,tommy,667297,nanct001,nanceto01,19178,2021.0,2024.0
sborz,josh,622250,sborj002,sborzjo01,18323,2019.0,2024.0
strickland,hunter,519326,strih001,strichu01,7836,2014.0,2024.0
lugo,seth,607625,lugos001,lugose01,12447,2016.0,2025.0
jefferies,daulton,641726,jeffd001,jeffeda01,19345,2020.0,2024.0
miller,mason,695243,millm004,millema03,31757,2023.0,2025.0
carrasco,carlos,471911,carrc003,carraca01,6632,2009.0,2025.0
vodnik,victor,680767,vodnv001,vodnivi01,24614,2023.0,2025.0
kremer,dean,665152,kremd001,kremede01,19350,2020.0,2025.0
alvarado,josé,621237,alvaj004,alvarjo03,17780,2017.0,2025.0
silseth,chase,681217,silsc001,silsech01,30074,2022.0,2024.0
lópez,pablo,641154,lopep002,lopezpa01,17085,2018.0,2025.0
webb,jacob,657097,webbj002,webbja01,19274,2019.0,2025.0
kelly,michael,547184,kellm004,kellymi03,12791,2022.0,2024.0
littell,zack,641793,littz001,litteza01,15823,2018.0,2025.0
richards,trevor,670950,richt001,richatr01,19309,2018.0,2024.0
skubal,tarik,669373,skubt001,skubata01,22267,2020.0,2025.0
adam,jason,592094,adamj002,adamja01,11861,2018.0,2025.0
zuñiga,guillo,670871,zunig001,zuniggu01,19588,2023.0,2024.0
chafin,andrew,605177,chafa001,chafian01,12988,2014.0,2024.0
abreu,bryan,650556,abreb002,abreubr01,16609,2019.0,2025.0
kikuchi,yusei,579328,kikuy001,kikucyu01,20633,2019.0,2025.0
thompson,keegan,624522,thomk002,thompke02,19795,2021.0,2024.0
verlander,justin,434378,verlj001,verlaju01,8700,2005.0,2025.0
alcalá,jorge,660896,alcaj001,alcaljo01,19459,2019.0,2025.0
bellozo,valente,678368,bellv001,bellova01,-1,2024.0,2025.0
vásquez,randy,681190,vasqr001,vasqura02,24719,2023.0,2025.0
phillips,evan,623465,phile001,phillev01,17734,2018.0,2024.0
montgomery,mason,682254,montm003,montgma01,-1,2024.0,2025.0
matthews,zebby,805673,mattz001,matthze01,31827,2024.0,2024.0
garcia,robert,676395,garcr008,garciro04,23363,2023.0,2025.0
moore,matt,519043,moorm003,moorema02,1890,2011.0,2024.0
buttó,josé,676130,buttj001,buttojo01,23313,2022.0,2025.0
young,danny,664849,yound005,youngda02,18439,2022.0,2025.0
thielbar,caleb,573204,thiec001,thielca01,10078,2013.0,2025.0
priester,quinn,682990,prieq001,priesqu01,25977,2023.0,2025.0
henriquez,ronny,678692,henrr001,henriro01,24094,2022.0,2025.0
imanaga,shota,684007,imans001,imanash01,33829,2024.0,2025.0
banda,anthony,607455,banda001,bandaan01,14706,2017.0,2025.0
mcarthur,james,663704,mcarj001,mcartja01,21527,2023.0,2024.0
peralta,sammy,671111,peras001,peralsa01,25589,2023.0,2024.0
irvin,jake,663623,irvij001,irvinja01,21504,2023.0,2025.0
kittredge,andrew,552640,kitta001,kittran01,12828,2017.0,2024.0
maton,phil,664208,matop002,matonph01,18064,2017.0,2025.0
armstrong,shawn,542888,armss001,armstsh01,12857,2015.0,2025.0
parsons,wes,641149,parsw001,parsowe01,14764,2018.0,2024.0
foley,jason,671345,folej001,foleyja01,19531,2021.0,2024.0
suter,brent,608718,suteb001,suterbr01,13942,2016.0,2025.0
schreiber,john,670167,schrj001,schrejo01,20020,2019.0,2025.0
king,bryan,687911,kingb001,kingbr02,-1,2024.0,2025.0
rogers,tyler,643511,roget002,rogerty01,15541,2019.0,2025.0
mckenzie,triston,663474,mcket001,mckentr01,18000,2020.0,2025.0
smith,will,519293,smitw002,smithwi04,8048,2012.0,2024.0
otañez,michel,671305,otanm001,otanemi01,-1,2024.0,2024.0
walker,ryan,676254,walkr001,walkery01,20423,2023.0,2025.0
long,sam,669674,longs002,longsa01,25379,2021.0,2025.0
treinen,blake,595014,treib001,treinbl01,12572,2014.0,2025.0
anderson,grant,681982,andeg002,andergr01,20546,2023.0,2025.0
fleming,josh,676596,flemj001,flemijo01,20418,2020.0,2024.0
garcía,yimi,554340,garcy001,garciyi01,12095,2014.0,2025.0
scott,tayler,605463,scott004,scottta02,13652,2019.0,2025.0
estes,joey,683155,estej001,estesjo01,26257,2023.0,2025.0
rodríguez,manuel,655889,rodrm001,rodrima01,20794,2021.0,2025.0
burnes,corbin,669203,burnc002,burneco01,19361,2018.0,2025.0
payamps,joel,606303,payaj001,payamjo01,14332,2019.0,2025.0
kolek,stephen,663568,koles001,kolekst01,21487,2024.0,2024.0
milner,hoby,571948,milnh001,milneho01,13346,2017.0,2025.0
speier,gabe,642100,speig001,speiega01,17170,2019.0,2025.0
barnes,jacob,606930,barnj002,barneja01,12323,2016.0,2025.0
brieske,beau,689225,brieb001,briesbe01,26079,2022.0,2025.0
cruz,fernando,518585,cruzf002,cruzfe01,7048,2022.0,2025.0
hill,tim,657612,hillt002,hillti01,16814,2018.0,2025.0
sandlin,nick,680704,sandn001,sandlni01,20517,2021.0,2025.0
hudson,bryan,663542,hudsb001,hudsobr01,19924,2023.0,2025.0
suárez,albert,544150,suara001,suareal01,6175,2016.0,2025.0
shuster,jared,694363,shusj001,shustja01,27472,2023.0,2024.0
cortés,néstor,641482,cortn001,cortene01,17874,2018.0,2025.0
rasmussen,drew,656876,rasmd002,rasmudr01,25385,2020.0,2025.0
wentz,joey,666214,wentj001,wentzjo01,19962,2022.0,2025.0
estévez,carlos,608032,estec001,estevca01,14542,2016.0,2025.0
beeks,jalen,656222,beekj001,beeksja02,17192,2018.0,2025.0
lucas,easton,687922,lucae002,lucasea01,26058,2023.0,2025.0
dubin,shawn,681869,dubis001,dubinsh01,24977,2023.0,2024.0
duffy,danny,518633,duffd001,duffyda01,3542,2011.0,2021.0
peralta,wandy,593974,peraw002,peralwa01,14295,2016.0,2025.0
varland,louis,686973,varll001,varlalo01,27691,2022.0,2025.0
hoffman,jeff,656546,hoffj003,hoffmje02,17432,2016.0,2025.0
baz,shane,669358,baz-s001,bazsh01,22264,2021.0,2025.0
robertson,nick,687798,roben002,roberni01,26226,2023.0,2024.0
shreve,chasen,592741,shrec001,shrevch01,10855,2014.0,2024.0
suarez,josé,660761,suarj001,suarejo01,19911,2019.0,2025.0
sampson,adrian,592716,sampa001,sampsad01,13339,2016.0,2022.0
uceta,edwin,670955,ucete001,ucetaed01,20539,2021.0,2025.0
thornton,trent,663423,thort002,thorntr01,17948,2019.0,2025.0
kirby,george,669923,kirbg001,kirbyge01,25436,2022.0,2024.0
adams,austin,613534,adama002,adamsau02,13801,2017.0,2024.0
schmidt,clarke,657376,schmc002,schmicl01,19899,2020.0,2024.0
mayza,tim,641835,mayzt001,mayzati01,15042,2017.0,2025.0
kelly,kevin,687330,kellk004,kellyke02,25679,2023.0,2025.0
kelly,joe,523260,kellj001,kellyjo05,9761,2012.0,2024.0
ryan,ryder,656924,ryanr002,ryanry01,19891,2023.0,2024.0
curry,xzavion,675540,currx001,curryxz01,25595,2022.0,2025.0
andriese,matt,542882,andrm001,andrima01,12022,2015.0,2024.0
faedo,alex,656412,faeda001,faedoal01,19874,2022.0,2024.0
vest,will,676684,vestw001,vestwi01,19769,2021.0,2025.0
kuhl,chad,641771,kuhlc001,kuhlch01,14975,2016.0,2024.0
bradley,taj,671737,bradt002,bradlta01,22543,2023.0,2025.0
miller,bryce,682243,millb004,millebr04,29837,2023.0,2025.0
rodón,carlos,607074,rodoc001,rodonca01,16137,2015.0,2025.0
bednar,david,670280,bednd001,bednada01,19569,2019.0,2025.0
abbott,andrew,671096,abboa001,abbotan01,29911,2023.0,2025.0
mendick,danny,664901,mendd002,mendida01,18889,2019.0,2024.0
iglesias,raisel,628452,igler001,iglesra01,17130,2015.0,2025.0
anderson,tyler,542881,andet002,anderty01,12880,2016.0,2025.0
chargois,j. t.,608638,charj001,chargjt01,13767,2016.0,2024.0
brebbia,john,605154,brebj001,brebbjo01,12777,2017.0,2025.0
stratton,hunter,676702,strah001,strathu01,23455,2023.0,2024.0
wrobleski,justin,680736,wrobj001,wroblju01,-1,2024.0,2025.0
de los santos,enyel,660853,deloe001,delosen01,18403,2018.0,2025.0
nardi,andrew,677053,narda001,nardian01,25942,2022.0,2024.0
corbin,patrick,571578,corbp001,corbipa01,9323,2012.0,2025.0
baker,bryan,641329,bakeb001,bakerbr01,19804,2021.0,2025.0
voth,austin,608723,votha001,vothau01,15047,2018.0,2024.0
rogers,taylor,573124,roget001,rogerta01,13449,2016.0,2025.0
civale,aaron,650644,civaa001,civalaa01,19479,2019.0,2025.0
paddack,chris,663978,paddc001,paddach01,20099,2019.0,2025.0
mcfarland,t. j.,519008,mcfat001,mcfartj01,3237,2013.0,2025.0
taylor,blake,642130,taylb004,taylobl01,16418,2020.0,2022.0
nola,aaron,605400,nolaa001,nolaaa01,16149,2015.0,2025.0
herget,jimmy,623474,hergj001,hergeji01,17556,2019.0,2025.0
lovelady,richard,663992,lover001,lovelri01,19337,2019.0,2025.0
martinez,justin,679885,martj011,martiju01,24453,2023.0,2025.0
ureña,josé,570632,urenj001,urenajo01,11589,2015.0,2024.0
miller,shelby,571946,mills001,millesh01,10197,2012.0,2025.0
jackson,luke,592426,jackl001,jackslu01,11752,2015.0,2025.0
garrett,reed,657585,garrr001,garrere01,16866,2019.0,2025.0
boyle,joe,671212,boylj001,boylejo01,29608,2023.0,2024.0
weaver,luke,596133,weavl001,weavelu01,16918,2016.0,2025.0
mervis,matt,670223,mervm001,mervima01,27845,2023.0,2025.0
varland,gus,681402,varlg001,varlagu01,24737,2023.0,2024.0
faucher,calvin,676534,faucc001,fauchca01,20116,2022.0,2025.0
kerr,ray,678061,kerrr001,kerrra01,23809,2022.0,2024.0
marinaccio,ron,676760,marir001,marinro01,23488,2022.0,2024.0
domínguez,seranthony,622554,domis001,dominse01,19249,2018.0,2025.0
morgan,eli,669212,morge001,morgael01,20203,2021.0,2025.0
sewald,paul,623149,sewap001,sewalpa01,13892,2017.0,2025.0
berroa,prelander,672860,berrp001,berropr01,22932,2023.0,2024.0
pepiot,ryan,686752,pepir001,pepiory01,26221,2022.0,2025.0
lambert,peter,663567,lambp001,lambepe01,17969,2019.0,2024.0
cisnero,josé,542585,cisnj001,cisnejo01,6399,2013.0,2024.0
thompson,ryan,657044,thomr007,thompry02,16647,2020.0,2025.0
wilson,bryse,669060,wilsb003,wilsobr02,19990,2018.0,2025.0
kerkering,orion,689147,kerko001,kerkeor01,31776,2023.0,2025.0
francis,bowden,670102,franb002,francbo01,20548,2022.0,2025.0
little,luke,681432,littl001,littllu01,28036,2023.0,2024.0
detmers,reid,672282,detmr001,detmere01,27468,2021.0,2025.0
fairbanks,pete,664126,fairp001,fairbpe01,17998,2019.0,2025.0
herrin,tim,682120,herrt002,herriti01,25139,2023.0,2025.0
cimber,adam,643256,cimba001,cimbead01,15288,2018.0,2024.0
eflin,zach,621107,efliz001,eflinza01,13774,2016.0,2025.0
sands,cole,663485,sandc001,sandsco01,21461,2022.0,2025.0
mantiply,joe,573009,mantj002,mantijo01,14857,2016.0,2025.0
pennington,walter,679156,pennw002,penniwa01,-1,2024.0,2024.0
hanifee,brenan,669724,hanib001,hanifbr01,22304,2023.0,2025.0
stratton,chris,608717,strac001,stratch01,13761,2016.0,2025.0
brigham,jeff,656257,brigj002,brighje01,16631,2018.0,2023.0
bummer,aaron,607481,bumma001,bummeaa01,16258,2017.0,2025.0
soriano,josé,667755,sorij002,soriajo02,22100,2023.0,2025.0
king,john,667463,kingj002,kingjo01,22051,2020.0,2025.0
lively,ben,594902,liveb001,livelbe01,14932,2017.0,2025.0
pruitt,austin,643493,pruia001,pruitau01,15290,2017.0,2024.0
stone,gavin,694813,stong001,stonega01,27792,2023.0,2024.0
ort,kaleb,672391,ort-k001,ortka01,20061,2021.0,2024.0
ramírez,erasmo,541640,ramie004,ramirer02,10314,2012.0,2024.0
kimbrel,craig,518886,kimbc001,kimbrcr01,6655,2010.0,2024.0
sanó,miguel,593934,sanom001,sanomi01,12164,2015.0,2024.0
leclerc,josé,600917,leclj001,leclejo01,14524,2016.0,2025.0
megill,tylor,656731,megit002,megilty01,21318,2021.0,2025.0
bradford,cody,674003,bradc003,bradfco01,27597,2023.0,2024.0
robert,daniel,642016,robed005,roberda11,-1,2024.0,2024.0
yarbrough,ryan,642232,yarbr001,yarbrry01,16502,2018.0,2025.0
pressly,ryan,519151,presr001,pressry01,7005,2013.0,2025.0
latz,jacob,656641,latzj001,latzja01,21306,2021.0,2024.0
tinoco,jesús,622786,tinoj001,tinocje01,16300,2019.0,2025.0
olson,reese,681857,olsor001,olsonre01,24968,2023.0,2025.0
yates,kirby,489446,yatek001,yateski01,9073,2014.0,2025.0
pop,zach,647315,pop-z001,popza01,20185,2021.0,2024.0
durán,jhoan,661395,duraj002,duranjh01,21029,2022.0,2025.0
headrick,brent,687396,headb001,headrbr01,27702,2023.0,2025.0
kinley,tyler,641755,kinlt001,kinlety01,18297,2018.0,2025.0
guenther,sean,674944,guens001,guentse01,20045,2021.0,2024.0
castillo,luis,622491,castl003,castilu02,15689,2017.0,2025.0
soroka,michael,647336,sorom001,sorokmi01,18383,2018.0,2025.0
lawrence,justin,664875,lawrj002,lawreju01,17639,2021.0,2025.0
díaz,jhonathan,646242,diazj007,diazjh01,20298,2021.0,2025.0
leiter,mark,643410,leitm002,leitema02,15551,2017.0,2025.0
okert,steven,595345,okers001,okertst01,13580,2016.0,2025.0
rea,colin,607067,rea-c001,reaco01,12317,2015.0,2025.0
ragans,cole,666142,ragac001,raganco01,21846,2022.0,2025.0
peterson,david,656849,peted003,peterda01,20302,2020.0,2025.0
law,derek,571882,law-d001,lawde01,13133,2016.0,2024.0
blach,ty,621389,blact002,blachty01,14361,2016.0,2024.0
bender,anthony,669622,benda001,bendean01,19742,2021.0,2025.0
spence,mitch,687765,spenm001,spencmi01,27707,2024.0,2025.0
saucedo,tayler,642048,sauct001,sauceta01,17888,2021.0,2025.0
avila,pedro,658648,avilp001,avilape01,18864,2019.0,2024.0
bibee,tanner,676440,bibet001,bibeeta01,30134,2023.0,2025.0
almonte,yency,622075,almoy001,almonye01,15068,2018.0,2024.0
barlow,scott,605130,barls001,barlosc01,14993,2018.0,2025.0
blewett,scott,656240,blews001,blewesc01,16427,2020.0,2025.0
gil,luis,661563,gil-l001,gillu01,21052,2021.0,2024.0
stroman,marcus,573186,strom001,stromma01,13431,2014.0,2025.0
cano,yennier,666974,canoy001,canoye01,25911,2022.0,2025.0
gibson,kyle,502043,gibsk002,gibsoky01,10123,2013.0,2024.0
floro,dylan,571670,flord002,florody01,13394,2016.0,2024.0
miller,erik,669062,mille002,milleer01,26252,2024.0,2025.0
koenig,jared,657649,koenj001,koenija01,27517,2022.0,2025.0
brazobán,huascar,623211,brazh001,brazohu01,6107,2022.0,2025.0
eovaldi,nathan,543135,eovan001,eovalna01,9132,2011.0,2025.0
schwellenbach,spencer,680885,schws001,schwesp01,-1,2024.0,2025.0
mahle,tyler,641816,mahlt001,mahlety01,16358,2017.0,2025.0
cousins,jake,664776,cousj001,cousija01,21620,2021.0,2024.0
baumann,mike,657508,baumm001,baumami01,20206,2021.0,2024.0
maciejewski,josh,656671,macij002,maciejo01,-1,2024.0,2024.0
cabrera,génesis,650893,cabrg001,cabrege01,17490,2019.0,2024.0
montas,frankie,593423,montf001,montafr02,14309,2015.0,2024.0
johnson,pierce,572955,johnp001,johnspi01,13435,2017.0,2025.0
gore,mackenzie,669022,gorem001,gorema01,22201,2022.0,2025.0
mikolas,miles,571945,mikom001,mikolmi01,9803,2012.0,2025.0
roycroft,chris,688297,roycc001,roycrch01,-1,2024.0,2025.0
alexander,scott,518397,alexs001,alexasc02,10591,2015.0,2025.0
muller,kyle,666205,mullk001,mulleky01,20167,2021.0,2024.0
scott,tanner,656945,scott003,scottta01,17586,2017.0,2025.0
jiménez,joe,641729,jimej003,jimenjo02,15761,2017.0,2024.0
paredes,enoli,660600,paree003,pareden01,20447,2020.0,2024.0
ramírez,yohan,670990,ramiy002,ramiryo01,19444,2020.0,2024.0
garabito,gerson,642520,garag001,garabge01,-1,2024.0,2025.0
martin,davis,663436,martd006,martida03,21448,2022.0,2025.0
cannon,jonathan,686563,cannj001,cannojo02,-1,2024.0,2025.0
muñoz,andrés,662253,munoa002,munozan01,20373,2019.0,2025.0
strahm,matt,621381,stram001,strahma01,13799,2016.0,2025.0
swanson,erik,657024,swane001,swanser01,16587,2019.0,2024.0
moll,sam,594580,molls001,mollsa01,14874,2017.0,2025.0
ryan,joe,657746,ryanj002,ryanjo04,21390,2021.0,2025.0
webb,logan,657277,webbl001,webblo01,17995,2019.0,2025.0
holton,tyler,663947,holtt002,holtoty01,26231,2022.0,2025.0
garcía,luis,472610,garcl005,garcilu03,6984,2013.0,2025.0
roupp,landen,694738,roupl001,rouppla01,30076,2024.0,2025.0
fernandez,ryan,681676,fernr001,fernary01,-1,2024.0,2025.0
gaddis,hunter,683769,gaddh001,gaddihu01,25636,2022.0,2025.0
green,chad,643338,greec003,greench03,15552,2016.0,2025.0
pérez,martín,527048,perem004,perezma02,6902,2012.0,2025.0
zerpa,angel,672582,zerpa001,zerpaan01,22717,2021.0,2025.0
vieira,thyago,600986,vieit001,vieirth01,14510,2017.0,2024.0
wesneski,hayden,669713,wesnh001,wesneha01,27581,2022.0,2025.0
funderburk,kody,681892,fundk001,fundeko01,24993,2023.0,2025.0
brown,hunter,686613,browh001,brownhu01,25880,2022.0,2025.0
lodolo,nick,666157,lodon001,lodolni01,26378,2022.0,2025.0
king,mike,650633,kingm002,kingmi01,19853,2019.0,2025.0
gausman,kevin,592332,gausk001,gausmke01,14107,2013.0,2025.0
palencia,daniel,694037,paled001,palenda01,27914,2023.0,2024.0
englert,mason,669438,englm001,englema01,22288,2023.0,2025.0
puk,a. j.,640462,puk-a001,pukaj01,19343,2019.0,2025.0
rodriguez,grayson,680570,rodrg003,rodrigr01,24492,2023.0,2024.0
festa,david,701581,festd001,festada01,-1,2024.0,2025.0
wood,alex,622072,wooda002,woodal02,13781,2013.0,2024.0
maldonado,anthony,687424,malda001,maldoan01,-1,2024.0,2024.0
beede,tyler,595881,beedt001,beedety01,16981,2018.0,2024.0
nastrini,nick,680897,nastn001,nastrni01,-1,2024.0,2024.0
sale,chris,519242,salec001,salech01,10603,2010.0,2025.0
banks,tanner,621383,bankt001,banksta01,16990,2022.0,2025.0
medina,luis,665622,medil002,medinlu02,21649,2023.0,2024.0
rogers,trevor,669432,roget003,rogertr01,22286,2020.0,2024.0
pérez,cionel,672335,perec004,perezci01,19614,2018.0,2025.0
cleavinger,garrett,664076,cleag001,cleavga01,17897,2020.0,2025.0
sears,jp,676664,searj001,searsjp01,23429,2022.0,2025.0
ginkel,kevin,656464,ginkk001,ginkeke01,19876,2019.0,2024.0
cronin,declan,686539,crond001,cronide01,25645,2023.0,2024.0
peguero,elvis,665625,pegue001,pegueel01,21652,2021.0,2025.0
farmer,buck,571656,farmb001,farmebu01,14814,2014.0,2024.0
ruiz,josé,614179,ruizj001,ruizjo01,14552,2017.0,2025.0
iriarte,jairo,683568,iriaj001,iriarja01,-1,2024.0,2024.0
kahnle,tommy,592454,kahnt001,kahnlto01,11384,2014.0,2025.0
coulombe,danny,543056,could001,couloda01,13293,2014.0,2025.0
heasley,jonathan,669169,heasj001,heasljo01,22224,2021.0,2024.0
blanco,ronel,669854,blanr001,blancro01,19407,2022.0,2025.0
dunning,dane,641540,dunnd001,dunnida01,19409,2020.0,2024.0
leahy,kyle,681517,leahk001,leahyky01,24763,2023.0,2025.0
lee,dylan,669276,lee-d005,leedy01,19996,2021.0,2025.0
harvey,hunter,640451,harvh001,harvehu01,15507,2019.0,2025.0
contreras,roansy,672710,contr001,contrro01,22810,2021.0,2024.0
ferguson,caleb,657571,fergc001,ferguca01,19349,2018.0,2025.0
wheeler,zack,554430,wheez001,wheelza01,10310,2013.0,2025.0
foster,matt,641582,fostm001,fostema01,19647,2020.0,2024.0
honeywell,brent,641703,honeb001,honeybr01,16466,2021.0,2024.0
liberatore,matthew,669461,libem001,liberma01,22294,2022.0,2025.0
cole,gerrit,543037,coleg001,colege01,13125,2013.0,2024.0
stripling,ross,548389,strir001,stripro01,13273,2016.0,2024.0
davis,austin,656354,davia003,davisau01,17117,2018.0,2024.0
doval,camilo,666808,dovac001,dovalca01,21992,2021.0,2025.0
anderson,nick,623433,anden001,anderni01,18337,2019.0,2024.0
bolton,cody,675989,boltc001,boltoco01,23265,2023.0,2024.0
white,mitch,669952,whitm004,whitemi03,19225,2020.0,2024.0
stanek,ryne,592773,stanr002,stanery01,15947,2017.0,2025.0
harrison,kyle,690986,harrk001,harriky01,27758,2023.0,2024.0
wilson,justin,458677,wilsj004,wilsoju10,4301,2012.0,2025.0
berríos,josé,621244,berrj001,berrijo01,14168,2016.0,2025.0
sims,lucas,608371,simsl001,simslu01,13470,2017.0,2025.0
brewer,colten,605155,brewc002,breweco01,12997,2018.0,2024.0
fried,max,608331,friem001,friedma01,13743,2017.0,2025.0
smith,burch,572143,smitb005,smithbu03,12784,2013.0,2024.0
smith,cade,671922,smitc009,smithca06,27867,2024.0,2025.0
myers,tobias,668964,myert001,myersto01,-1,2024.0,2024.0
brown,ben,676962,browb006,brownbe02,23590,2024.0,2025.0
bubic,kris,663460,bubik001,bubickr01,21455,2020.0,2025.0
martinez,seth,661527,marts003,martise01,21045,2021.0,2024.0
quantrill,cal,615698,quanc001,quantca01,19312,2019.0,2025.0
irvin,cole,608344,irvic001,irvinco01,19244,2019.0,2024.0
suárez,andrew,605498,suara002,suarean01,18300,2018.0,2023.0
bassitt,chris,605135,bassc001,bassich01,12304,2014.0,2025.0
severino,luis,622663,sevel001,severlu01,15890,2015.0,2025.0
hamilton,ian,641656,hamii001,hamilia01,19261,2018.0,2025.0
mize,casey,663554,mizec001,mizeca01,20492,2020.0,2025.0
paxton,james,572020,paxtj001,paxtoja01,11828,2013.0,2024.0
rodríguez,yariel,684320,rodry003,rodriya01,-1,2024.0,2025.0
chapman,aroldis,547973,chapa001,chapmar01,10233,2010.0,2025.0
burr,ryan,621114,burrr002,burrry01,17536,2018.0,2024.0
hudson,daniel,543339,hudsd001,hudsoda01,7146,2009.0,2024.0
snider,collin,676092,snidc001,snideco01,23307,2022.0,2025.0
tate,dillon,622253,tated001,tatedi01,17796,2019.0,2024.0
flexen,chris,623167,flexc001,flexech01,13896,2017.0,2024.0
fulmer,carson,608334,fulmc001,fulmeca01,18311,2016.0,2024.0
holderman,colin,670059,holdc001,holdeco01,22361,2022.0,2025.0
little,brendon,663893,littb002,littlbr02,21574,2022.0,2025.0
morejón,adrián,670970,morea001,morejad01,20039,2019.0,2025.0
leasure,jordan,673929,leasj001,leasujo01,29950,2024.0,2025.0
mears,nick,683232,mearn001,mearsni01,25376,2020.0,2025.0
povich,cade,700249,povic001,povicca01,-1,2024.0,2025.0
ortiz,luis,682847,ortil003,ortizlu03,27646,2022.0,2025.0
flaherty,jack,656427,flahj002,flaheja01,17479,2017.0,2025.0
robertson,david,502085,robed002,roberda08,8241,2008.0,2024.0
davis,noah,663562,davin001,davisno01,25862,2022.0,2024.0
young,alex,622065,youna002,youngal01,18333,2019.0,2024.0
hurter,brant,676428,hurtb001,hurtebr01,-1,2024.0,2025.0
ferguson,tyler,621053,fergt001,ferguty01,-1,2024.0,2025.0
hjelle,sean,663546,hjels001,hjellse01,21481,2022.0,2024.0
anderson,justin,605121,andej005,anderju01,16201,2018.0,2024.0
jiménez,dany,666204,jimed002,jimenda01,21170,2020.0,2024.0
maeda,kenta,628317,maedk001,maedake01,18498,2016.0,2025.0
akin,keegan,669211,akink001,akinke01,19362,2020.0,2025.0
gallen,zac,668678,gallz001,galleza01,19291,2019.0,2025.0
singer,brady,663903,singb001,singebr01,25377,2020.0,2025.0
hader,josh,623352,hadej001,haderjo01,14212,2017.0,2025.0
arrighetti,spencer,681293,arris001,arrigsp01,-1,2024.0,2025.0
clase,emmanuel,661403,clase001,claseem01,21032,2019.0,2025.0
kelly,merrill,518876,kellm002,kellyme01,11156,2019.0,2025.0
bigge,hunter,685801,biggh001,biggehu01,-1,2024.0,2025.0
tonkin,michael,543859,tonkm001,tonkimi01,10315,2013.0,2024.0
jones,jared,683003,jonej008,jonesja09,27863,2024.0,2024.0
soto,gregory,642397,sotog003,sotogr01,19677,2019.0,2025.0
keller,mitch,656605,kellm003,kellemi03,17594,2019.0,2025.0
jax,griffin,643377,jax-g001,jaxgr01,20253,2021.0,2025.0
kopech,michael,656629,kopem001,kopecmi01,17282,2018.0,2024.0
eisert,brandon,685126,eiseb001,eiserbr01,-1,2024.0,2025.0
díaz,alexis,664747,diaza004,diazal03,21132,2022.0,2024.0
